,Name,PageView,Reply
0,【与星团的故事】我的偶像GD丶成哥,28,3
1,【与星团的故事】大神西瓜之我是主角~抱抱哒~,272,20
2,【与星团的故事】成哥与我~~嘿嘿！,28,2
3,【与星团的故事】只因绿水涟漪,1,更那堪热情似骄阳—至绿哥
4,【与星团的故事】犹如痴呆般的傻苏,34,1
5,【与星团的故事】——星团绿漪姐的初相识,26,2
6,【与星团的故事】大神主播任建,31,2
7,【与星团的故事】我的偶像西瓜,462,71
8,【与星团的故事】我与宋丽娜的故事,71,4
9,【与星团的故事】萌主播圆圆,74,6
10,【与星团的故事】小弱受SunChangDa,45,4
11,【与星团的故事】我爱优乐美轰轰烈烈最疯狂,92,7
12,【与星团的故事】——与“六子啊丶”,1,过程
13,【与星团的故事】不忘初心，方得始终——我眼中的主播...,72,1
14,【与星团的故事】——与“六子啊丶”由浅至深的友谊,163,4
15,【与星团的故事】——与“六子啊丶”姿势到位，见面说...,137,9
16,【与星团的故事】——与“六子啊丶”从相遇到相知,122,5
17,【与星团的故事】耿志宇i师糊糊,62,2
18,【与星团的故事】致圆圆,63,2
19,【与星团的故事】泡饭爱情故事,55,1
20,【与星团的故事】对西瓜哥感觉,116,13
21,【与星团的故事】我与星团绿漪的故事,95,3
22,【与星团的故事】+我与东仙不一样的相遇相知,74,2
23,【与星团的故事】+爱秋明山的主播刘彤,80,3
24,【与星团的故事】——与“六子啊丶”你好！,73,3
25,【与星团的故事】——与“六子啊丶”风里雨里有我陪着你,114,5
26,【与星团的故事】东仙是我师傅呀,69,5
27,【与星团的故事】最帅俊成,114,14
28,【与星团的故事】最帅俊成欧巴,70,3
29,【与星团的故事】称职的师傅“老K”,105,3
30,【与星团的故事】大爱俊成,48,2
